id,password,first_name,last_name,dob,phone,email,address_street,address_country,address_zip,insurance,pharmacy_address
1,pass123,Olivia,Smith,1985-03-12,555-1001,olivia.smith@example.com,123 Main St,USA,10001,BlueCross,Walgreens 1
2,pass123,Liam,Johnson,1992-07-08,555-1002,liam.johnson@example.com,456 Oak Ave,USA,90001,Cigna,CVS 2
3,pass123,Emma,Williams,2000-11-30,555-1003,emma.williams@example.com,789 Pine Rd,USA,60601,Aetna,RiteAid 3
4,pass123,Noah,Jones,1975-01-20,555-1004,noah.jones@example.com,321 Maple Ln,USA,77001,UnitedHealth,Walgreens 4
5,pass123,Ava,Brown,1988-06-15,555-1005,ava.brown@example.com,654 Elm St,USA,85001,BlueCross,CVS 5
6,pass123,William,Davis,1995-09-22,555-1006,william.davis@example.com,987 Cedar Blvd,USA,19101,Cigna,RiteAid 6
7,pass123,Sophia,Miller,2002-02-28,555-1007,sophia.miller@example.com,159 Spruce Ct,USA,98101,Aetna,Walgreens 7
8,pass123,James,Wilson,1980-12-05,555-1008,james.wilson@example.com,753 Birch Dr,USA,33101,UnitedHealth,CVS 8
9,pass123,Isabella,Moore,1998-04-10,555-1009,isabella.moore@example.com,852 Walnut St,USA,30301,BlueCross,RiteAid 9
10,pass123,Benjamin,Taylor,1970-08-18,555-1010,benjamin.taylor@example.com,951 Chestnut Rd,USA,80201,Cigna,Walgreens 10
11,pass123,Mia,Anderson,1983-05-22,555-1011,mia.anderson@example.com,147 Cedar Ln,USA,15201,BlueCross,CVS 11
12,pass123,Ethan,Thomas,1990-12-30,555-1012,ethan.thomas@example.com,258 Maple Ave,USA,02101,Cigna,RiteAid 12
13,pass123,Charlotte,Jackson,1978-03-11,555-1013,charlotte.jackson@example.com,369 Oak Blvd,USA,43201,Aetna,Walgreens 13
14,pass123,Alexander,White,2001-09-05,555-1014,alexander.white@example.com,741 Pine St,USA,63101,UnitedHealth,CVS 14
15,pass123,Amelia,Harris,1996-11-15,555-1015,amelia.harris@example.com,852 Birch Ln,USA,64101,BlueCross,RiteAid 15
16,pass123,Daniel,Martin,1982-06-07,555-1016,daniel.martin@example.com,963 Spruce Rd,USA,37201,Cigna,Walgreens 16
17,pass123,Harper,Thompson,1999-01-21,555-1017,harper.thompson@example.com,159 Elm St,USA,48201,Aetna,CVS 17
18,pass123,Matthew,Garcia,1987-04-18,555-1018,matthew.garcia@example.com,357 Oak Ct,USA,37207,UnitedHealth,RiteAid 18
19,pass123,Evelyn,Martinez,2003-10-02,555-1019,evelyn.martinez@example.com,456 Pine Rd,USA,55401,BlueCross,Walgreens 19
20,pass123,Joseph,Robinson,1973-07-28,555-1020,joseph.robinson@example.com,258 Cedar Blvd,USA,53201,Cigna,CVS 20
21,pass123,Sofia,Clark,1986-02-14,555-1021,sofia.clark@example.com,369 Maple St,USA,64108,BlueCross,RiteAid 21
22,pass123,Jackson,Lewis,1994-09-03,555-1022,jackson.lewis@example.com,147 Oak Ct,USA,73101,Cigna,Walgreens 22
23,pass123,Scarlett,Lee,1981-12-11,555-1023,scarlett.lee@example.com,258 Pine Ln,USA,87101,Aetna,CVS 23
24,pass123,Aiden,Walker,2000-05-07,555-1024,aiden.walker@example.com,963 Birch St,USA,46201,UnitedHealth,RiteAid 24
25,pass123,Victoria,Hall,1997-08-22,555-1025,victoria.hall@example.com,159 Cedar Blvd,USA,96801,BlueCross,Walgreens 25
26,pass123,Lucas,Allen,1989-03-15,555-1026,lucas.allen@example.com,357 Spruce Ct,USA,99501,Cigna,CVS 26
27,pass123,Layla,Young,2002-11-10,555-1027,layla.young@example.com,456 Elm Rd,USA,27601,Aetna,RiteAid 27
28,pass123,Henry,Hernandez,1984-06-21,555-1028,henry.hernandez@example.com,852 Maple Ct,USA,33601,UnitedHealth,Walgreens 28
29,pass123,Nora,King,1991-02-19,555-1029,nora.king@example.com,741 Oak St,USA,29201,BlueCross,CVS 29
30,pass123,Samuel,Wright,1976-09-25,555-1030,samuel.wright@example.com,369 Pine Blvd,USA,70112,Cigna,RiteAid 30
31,pass123,Lily,Lopez,1988-01-30,555-1031,lily.lopez@example.com,147 Spruce Rd,USA,10001,Aetna,Walgreens 31
32,pass123,Jackson,Hill,1993-07-12,555-1032,jackson.hill@example.com,258 Birch St,USA,90001,UnitedHealth,CVS 32
33,pass123,Hannah,Scott,2001-03-09,555-1033,hannah.scott@example.com,963 Cedar Ct,USA,60601,BlueCross,RiteAid 33
34,pass123,Oliver,Green,1985-10-16,555-1034,oliver.green@example.com,456 Oak Blvd,USA,77001,Cigna,Walgreens 34
35,pass123,Grace,Adams,1992-06-28,555-1035,grace.adams@example.com,741 Pine Rd,USA,85001,Aetna,CVS 35
36,pass123,Elijah,Baker,1979-12-07,555-1036,elijah.baker@example.com,369 Birch Ct,USA,19101,UnitedHealth,RiteAid 36
37,pass123,Zoe,Nelson,2000-05-20,555-1037,zoe.nelson@example.com,147 Cedar St,USA,98101,BlueCross,Walgreens 37
38,pass123,Logan,Carter,1987-11-11,555-1038,logan.carter@example.com,258 Spruce Blvd,USA,33101,Cigna,CVS 38
39,pass123,Chloe,Mitchell,1995-02-04,555-1039,chloe.mitchell@example.com,963 Oak Ct,USA,30301,Aetna,RiteAid 39
40,pass123,Caleb,Perez,1983-08-18,555-1040,caleb.perez@example.com,456 Pine St,USA,80201,UnitedHealth,Walgreens 40
41,pass123,Lila,Roberts,1999-04-02,555-1041,lila.roberts@example.com,741 Cedar Ln,USA,15201,BlueCross,CVS 41
42,pass123,Wyatt,Turner,1986-12-15,555-1042,wyatt.turner@example.com,369 Spruce Blvd,USA,02101,Cigna,RiteAid 42
43,pass123,Ella,Phillips,1993-09-27,555-1043,ella.phillips@example.com,147 Oak Rd,USA,43201,Aetna,Walgreens 43
44,pass123,Leo,Campbell,2002-01-05,555-1044,leo.campbell@example.com,258 Pine Ct,USA,63101,UnitedHealth,CVS 44
45,pass123,Savannah,Parker,1981-07-30,555-1045,savannah.parker@example.com,963 Birch Blvd,USA,64101,BlueCross,RiteAid 45
46,pass123,Jack,Evans,1990-03-12,555-1046,jack.evans@example.com,456 Cedar Ct,USA,37201,Cigna,Walgreens 46
47,pass123,Aurora,Edwards,1998-11-25,555-1047,aurora.edwards@example.com,741 Spruce St,USA,48201,Aetna,CVS 47
48,pass123,Mason,Collins,1984-05-17,555-1048,mason.collins@example.com,369 Oak Blvd,USA,37207,UnitedHealth,RiteAid 48
49,pass123,Hazel,Stewart,1996-09-04,555-1049,hazel.stewart@example.com,147 Pine Rd,USA,55401,BlueCross,Walgreens 49
50,pass123,Jayden,Sanchez,1989-02-28,555-1050,jayden.sanchez@example.com,258 Birch Ln,USA,53201,Cigna,CVS 50
51,pass123,Lillian,Morris,2001-06-22,555-1051,lillian.morris@example.com,963 Cedar Blvd,USA,64108,Aetna,RiteAid 51
52,pass123,Owen,Rogers,1982-12-19,555-1052,owen.rogers@example.com,456 Spruce Rd,USA,73101,UnitedHealth,Walgreens 52
53,pass123,Penelope,Reed,1994-08-14,555-1053,penelope.reed@example.com,741 Oak Ct,USA,87101,BlueCross,CVS 53
54,pass123,Eliana,Cook,1997-03-01,555-1054,eliana.cook@example.com,369 Pine Blvd,USA,46201,Cigna,RiteAid 54
55,pass123,Grayson,Morgan,1985-11-30,555-1055,grayson.morgan@example.com,147 Birch Ct,USA,96801,Aetna,Walgreens 55
56,pass123,Stella,Bell,2000-07-21,555-1056,stella.bell@example.com,258 Cedar St,USA,99501,UnitedHealth,CVS 56
57,pass123,Isaac,Murphy,1983-01-11,555-1057,isaac.murphy@example.com,963 Spruce Ct,USA,27601,BlueCross,RiteAid 57
58,pass123,Mila,Bailey,1995-09-03,555-1058,mila.bailey@example.com,456 Oak Rd,USA,33601,Cigna,Walgreens 58
59,pass123,Carter,Rivera,1988-06-14,555-1059,carter.rivera@example.com,741 Pine Ct,USA,29201,Aetna,CVS 59
60,pass123,Layla,Cooper,1992-12-27,555-1060,layla.cooper@example.com,369 Birch St,USA,70112,UnitedHealth,RiteAid 60
61,pass123,Lincoln,Richardson,1981-05-16,555-1061,lincoln.richardson@example.com,147 Cedar Blvd,USA,10001,BlueCross,Walgreens 61
62,pass123,Ellie,Cox,1990-10-03,555-1062,ellie.cox@example.com,258 Spruce Rd,USA,90001,Cigna,CVS 62
63,pass123,Alexander,Howard,1997-03-11,555-1063,alexander.howard@example.com,963 Oak St,USA,60601,Aetna,RiteAid 63
64,pass123,Aria,Ward,1984-08-27,555-1064,aria.ward@example.com,456 Pine Ct,USA,77001,UnitedHealth,Walgreens 64
65,pass123,Henry,Foster,1999-05-19,555-1065,henry.foster@example.com,741 Birch Ct,USA,85001,BlueCross,CVS 65
66,pass123,Avery,Gray,1986-12-05,555-1066,avery.gray@example.com,369 Cedar Rd,USA,19101,Cigna,RiteAid 66
67,pass123,Scarlett,James,1993-07-23,555-1067,scarlett.james@example.com,147 Spruce St,USA,98101,Aetna,Walgreens 67
68,pass123,Elijah,Watson,2001-01-30,555-1068,elijah.watson@example.com,258 Oak Ct,USA,33101,UnitedHealth,CVS 68
69,pass123,Sophia,Brooks,1987-04-06,555-1069,sophia.brooks@example.com,963 Pine Rd,USA,30301,BlueCross,RiteAid 69
70,pass123,Jackson,Kelly,1995-09-17,555-1070,jackson.kelly@example.com,456 Birch Blvd,USA,80201,Cigna,Walgreens 70
71,pass123,Isabella,Howard,1982-02-28,555-1071,isabella.howard@example.com,741 Cedar Ct,USA,15201,Aetna,CVS 71
72,pass123,Liam,Ramos,1996-08-14,555-1072,liam.ramos@example.com,369 Spruce Blvd,USA,02101,UnitedHealth,RiteAid 72
73,pass123,Mia,Price,1989-03-08,555-1073,mia.price@example.com,147 Oak Rd,USA,43201,BlueCross,Walgreens 73
74,pass123,James,Bennett,1992-12-22,555-1074,james.bennett@example.com,258 Pine Ct,USA,63101,Cigna,CVS 74
75,pass123,Charlotte,Wood,2000-06-15,555-1075,charlotte.wood@example.com,963 Birch Blvd,USA,64101,Aetna,RiteAid 75
76,pass123,Henry,Bailey,1985-01-27,555-1076,henry.bailey@example.com,456 Cedar Ct,USA,37201,UnitedHealth,Walgreens 76
77,pass123,Lily,Brooks,1994-07-05,555-1077,lily.brooks@example.com,741 Spruce St,USA,48201,BlueCross,CVS 77
78,pass123,Alexander,James,1987-11-19,555-1078,alexander.james@example.com,369 Oak Blvd,USA,37207,Cigna,RiteAid 78
79,pass123,Chloe,Ross,1999-04-25,555-1079,chloe.ross@example.com,147 Pine Rd,USA,55401,Aetna,Walgreens 79
80,pass123,Daniel,Hughes,1983-08-10,555-1080,daniel.hughes@example.com,258 Birch Ln,USA,53201,UnitedHealth,CVS 80
81,pass123,Emma,Foster,2002-01-18,555-1081,emma.foster@example.com,963 Cedar Blvd,USA,64108,BlueCross,RiteAid 81
82,pass123,Logan,Price,1986-05-03,555-1082,logan.price@example.com,456 Spruce Rd,USA,73101,Cigna,Walgreens 82
83,pass123,Sophia,Cooper,1993-09-12,555-1083,sophia.cooper@example.com,741 Oak Ct,USA,87101,Aetna,CVS 83
84,pass123,Jackson,Bell,1998-12-01,555-1084,jackson.bell@example.com,369 Pine Blvd,USA,46201,UnitedHealth,RiteAid 84
85,pass123,Harper,Diaz,1989-03-22,555-1085,harper.diaz@example.com,147 Birch Ct,USA,96801,BlueCross,Walgreens 85
86,pass123,Elijah,Sanders,1995-07-18,555-1086,elijah.sanders@example.com,258 Cedar St,USA,99501,Cigna,CVS 86
87,pass123,Avery,Price,1982-02-05,555-1087,avery.price@example.com,963 Spruce Ct,USA,27601,Aetna,RiteAid 87
88,pass123,Scarlett,Bennett,1991-10-30,555-1088,scarlett.bennett@example.com,456 Oak Rd,USA,33601,UnitedHealth,Walgreens 88
89,pass123,James,Gray,1997-05-16,555-1089,james.gray@example.com,741 Pine Ct,USA,29201,BlueCross,CVS 89
90,pass123,Olivia,Hughes,1984-11-11,555-1090,olivia.hughes@example.com,369 Birch St,USA,70112,Cigna,RiteAid 90
91,pass123,Noah,Mitchell,2000-02-20,555-1091,noah.mitchell@example.com,147 Cedar Blvd,USA,10001,Aetna,Walgreens 91
92,pass123,Emma,Campbell,1988-07-14,555-1092,emma.campbell@example.com,258 Spruce Rd,USA,90001,UnitedHealth,CVS 92
93,pass123,Liam,Perez,1995-01-08,555-1093,liam.perez@example.com,963 Oak St,USA,60601,BlueCross,RiteAid 93
94,pass123,Ava,Roberts,1992-04-25,555-1094,ava.roberts@example.com,456 Pine Ct,USA,77001,Cigna,Walgreens 94
95,pass123,William,Turner,1980-12-18,555-1095,william.turner@example.com,741 Birch Ct,USA,85001,Aetna,CVS 95
96,pass123,Sophia,Phillips,1987-06-04,555-1096,sophia.phillips@example.com,369 Cedar Rd,USA,19101,UnitedHealth,RiteAid 96
97,pass123,James,Campbell,2001-08-20,555-1097,james.campbell@example.com,147 Spruce St,USA,98101,BlueCross,Walgreens 97
98,pass123,Isabella,Parker,1994-02-11,555-1098,isabella.parker@example.com,258 Oak Ct,USA,33101,Cigna,CVS 98
99,pass123,Benjamin,Evans,1985-09-29,555-1099,benjamin.evans@example.com,963 Pine Rd,USA,30301,Aetna,RiteAid 99
100,pass123,Olivia,Edwards,1999-03-06,555-1100,olivia.edwards@example.com,456 Birch Blvd,USA,80201,UnitedHealth,Walgreens 100